<Ticker>,<DTYYYYMMDD>,<OpenFixed>,<HighFixed>,<LowFixed>,<CloseFixed>,<Volume>
EVF,20180807,7.7041,8.0123,6.1633,6.7026,465100
EVF,20180808,6.7026,8.0893,6.7026,7.3190,452721
EVF,20180809,7.6272,7.7813,6.6256,7.6271,256811
EVF,20180810,7.1649,7.6271,6.7026,6.7797,213435
EVF,20180813,7.3190,7.6272,6.5486,7.6271,608321
EVF,20180814,7.3960,7.4730,6.6256,6.9337,215585
EVF,20180815,7.2419,7.3189,6.6255,6.8567,301154
EVF,20180816,6.9337,7.2419,6.7797,6.9337,254405
EVF,20180817,6.9337,7.2419,6.7796,7.0108,232938
EVF,20180820,7.0878,7.1649,6.8567,6.8567,312731
EVF,20180821,7.0878,7.1649,6.6256,6.8567,286640
EVF,20180822,6.7797,7.0108,6.5485,6.7797,414933
EVF,20180823,6.9338,7.0879,6.7027,6.7797,170328
EVF,20180824,6.9338,8.0124,6.9338,7.0878,680649
EVF,20180827,7.0878,7.8582,6.9337,6.9337,403722
EVF,20180828,7.2419,7.3959,6.7796,6.9337,280578
EVF,20180829,6.8567,6.9337,6.7796,6.7797,68360
EVF,20180830,6.7797,6.9338,6.7027,6.9337,92124
EVF,20180831,6.7026,7.0878,6.7026,6.7797,181696
EVF,20180904,6.7797,6.7797,6.5486,6.7797,60537
EVF,20180905,6.7797,6.8567,6.3945,6.6256,168869
EVF,20180906,6.3174,6.7026,6.3174,6.4715,185740
EVF,20180907,6.5485,6.5485,6.2404,6.3945,164266
EVF,20180910,6.3945,6.3945,6.0863,6.1633,185593
EVF,20180911,6.0863,6.7026,5.7781,6.7026,370275
EVF,20180912,6.2404,6.4715,6.0863,6.1633,176225
EVF,20180913,6.2403,6.3174,6.1633,6.2404,198076
EVF,20180914,6.3174,6.6256,6.1634,6.3945,181152
EVF,20180917,6.5486,6.5486,6.2404,6.3174,151610
EVF,20180918,6.3174,6.3174,6.1633,6.2404,134994
EVF,20180919,6.1634,6.2404,6.0863,6.1633,196527
EVF,20180920,6.1633,6.1633,6.0863,6.1633,193494
EVF,20180921,6.2403,6.7026,6.1633,6.3945,360098
EVF,20180924,6.5486,6.9338,6.3175,6.3945,248609
EVF,20180925,6.5486,7.3960,6.5486,6.8567,493247
EVF,20180926,7.1649,7.3189,6.7026,6.9337,435407
EVF,20180927,7.2419,7.7041,6.9337,7.2419,728675
EVF,20180928,7.3189,7.7041,7.1649,7.3190,804080
EVF,20181001,7.3190,7.3190,6.7797,6.7797,40106
EVF,20181002,6.6256,6.7797,6.1634,6.6256,25267
EVF,20181003,6.6256,6.6256,6.4715,6.4715,29002
EVF,20181004,6.5485,6.7026,6.5485,6.5485,43844
EVF,20181005,6.6255,6.7796,6.5485,6.5485,91532
EVF,20181008,6.6255,6.7026,6.5485,6.6256,38167
EVF,20181009,6.5486,6.5486,6.3945,6.4715,50331
EVF,20181010,6.4715,6.4715,6.2404,6.2404,39090
EVF,20181011,6.2404,6.2404,6.0092,6.0092,77606
EVF,20181012,6.0862,6.0863,5.8551,6.0863,45531
EVF,20181015,6.0863,6.1633,6.0092,6.0092,20080
EVF,20181016,6.0092,6.1633,5.9322,6.1633,10972
EVF,20181017,6.1633,6.1633,5.9322,6.0863,19577
EVF,20181018,6.1633,6.1633,5.8552,5.8552,33983
EVF,20181019,5.7782,5.8552,5.7011,5.7011,13602
EVF,20181022,6.0093,6.0093,5.7781,5.7781,14386
EVF,20181023,5.6240,5.8552,5.6240,5.8552,29305
EVF,20181024,5.7011,5.7011,5.6240,5.6240,23053
EVF,20181025,5.2388,5.6240,5.2388,5.6240,8221
EVF,20181026,5.1618,5.4699,5.1618,5.3159,15270
EVF,20181029,5.3159,5.3159,5.0848,5.1618,24790
EVF,20181030,5.0077,5.2388,5.0077,5.2388,25566
EVF,20181031,5.2388,5.3159,4.7766,5.3159,45128
EVF,20181101,5.0848,5.1618,4.9307,4.9307,20600
EVF,20181102,5.0077,5.2389,4.8537,5.2388,86373
EVF,20181105,5.0847,5.2388,5.0847,5.0847,24718
EVF,20181106,5.0847,5.7010,5.0847,5.3159,15070
EVF,20181107,5.3929,5.4700,5.3159,5.3929,23000
EVF,20181108,5.3929,5.3929,5.3929,5.3929,5674
EVF,20181109,5.3159,5.3159,5.2388,5.2388,20155
EVF,20181112,5.0847,5.2388,5.0077,5.1618,22900
EVF,20181113,5.0077,5.0848,5.0077,5.0847,22247
EVF,20181114,5.0077,5.0077,4.9306,5.0077,15610
EVF,20181115,5.0077,5.0077,4.7766,4.8536,29351
EVF,20181116,4.6995,4.8536,4.6225,4.8536,13356
EVF,20181119,4.7766,4.9306,4.7766,4.8536,19264
EVF,20181120,4.8536,4.9307,4.8536,4.9307,11925
EVF,20181121,4.9307,4.9307,4.9307,4.9307,8900
EVF,20181122,5.1618,5.1618,4.6996,4.9307,24660
EVF,20181123,4.7766,4.8537,4.7766,4.7766,16990
EVF,20181126,4.7766,4.7766,4.6996,4.7766,11930
EVF,20181127,4.9307,4.9307,4.6225,4.6995,19500
EVF,20181128,4.6995,4.7765,4.6995,4.6995,10010
EVF,20181129,4.6225,4.6995,4.6225,4.6225,14065
EVF,20181130,4.6225,4.6225,4.5455,4.5455,7324
EVF,20181203,4.6225,4.6225,4.3144,4.3914,9619
EVF,20181204,4.2373,4.3144,4.1603,4.2373,60270
EVF,20181205,4.2373,4.3914,4.1603,4.3143,20140
EVF,20181206,4.3143,4.3143,4.2373,4.2373,34553
EVF,20181207,4.2373,4.3143,4.2373,4.3143,11600
EVF,20181210,4.2373,4.3913,4.2373,4.3143,22210
EVF,20181211,4.3143,4.3143,4.2373,4.3143,15951
EVF,20181212,4.2373,4.3143,4.2373,4.2373,33667
EVF,20181213,4.3143,4.3914,4.2373,4.3143,40094
EVF,20181214,4.3143,4.3143,4.2373,4.2373,31015
EVF,20181217,4.2373,4.2373,4.1602,4.1602,28800
EVF,20181218,4.2372,4.2372,4.1602,4.1602,36925
EVF,20181219,4.2372,4.2372,4.0061,4.0832,26428
EVF,20181220,4.0062,4.0062,3.7750,3.7750,21900
EVF,20181221,3.7750,3.9291,3.7750,3.7750,16079
EVF,20181224,3.8520,3.8521,3.8520,3.8521,14400
EVF,20181225,3.8521,3.8521,3.6980,3.7750,30300
EVF,20181226,3.7750,3.7750,3.7750,3.7750,12400
EVF,20181227,3.8520,3.8520,3.5439,3.6980,34041
EVF,20181228,3.7750,3.7750,3.5439,3.6980,13760
EVF,20190102,3.6980,3.6980,3.5439,3.6980,12338
EVF,20190103,3.6210,3.6980,3.6210,3.6210,29970
EVF,20190104,3.6210,3.6210,3.6210,3.6210,6224
EVF,20190107,3.6210,3.6210,3.6210,3.6210,19300
EVF,20190108,3.6210,4.1603,3.6210,3.9291,23987
EVF,20190109,3.9291,3.9291,3.8521,3.9291,8660
EVF,20190110,3.8521,3.8521,3.5439,3.8521,14090
EVF,20190111,3.6980,3.9291,3.6980,3.9291,7668
EVF,20190114,3.7750,3.9291,3.6980,3.9291,4210
EVF,20190115,3.9291,3.9291,3.7750,3.8521,14360
EVF,20190116,3.8521,3.9291,3.8521,3.9291,4360
EVF,20190117,3.8521,3.9291,3.8521,3.9291,3590
EVF,20190118,3.9291,3.9291,3.8521,3.9291,3100
EVF,20190121,3.8521,3.8521,3.7750,3.8521,5920
EVF,20190122,3.8521,3.8521,3.7750,3.7750,8588
EVF,20190123,3.8520,3.8521,3.8520,3.8521,13760
EVF,20190124,3.8521,3.9291,3.7751,3.8521,11176
EVF,20190125,3.8521,4.0062,3.8521,4.0062,30980
EVF,20190128,3.8521,3.8521,3.8521,3.8521,35644
EVF,20190129,3.8521,3.8521,3.7750,3.7750,10797
EVF,20190130,3.7750,3.8520,3.7750,3.7750,7012
EVF,20190131,3.7750,3.8520,3.7750,3.7750,13662
EVF,20190201,3.7750,3.9291,3.7750,3.8521,17740
EVF,20190211,3.7751,3.7751,3.4669,3.6210,14640
EVF,20190212,3.6980,3.7751,3.6210,3.6980,22350
EVF,20190213,3.8521,3.8521,3.8521,3.8521,7837
EVF,20190214,3.7751,3.8521,3.7751,3.8521,18871
EVF,20190215,3.7751,3.7751,3.4669,3.7750,24550
EVF,20190218,3.6209,3.6980,3.4668,3.6210,11700
EVF,20190219,3.7751,3.7751,3.6210,3.6210,14328
EVF,20190220,3.6210,3.7751,3.6210,3.7750,15620
EVF,20190221,3.7750,3.7750,3.6980,3.6980,4124
EVF,20190222,3.6980,3.6980,3.6210,3.6980,7666
EVF,20190225,3.6980,3.6980,3.6210,3.6210,16790
EVF,20190226,3.6210,3.6210,3.5440,3.6210,20472
EVF,20190227,3.6210,3.6980,3.6210,3.6210,23506
EVF,20190228,3.6980,3.6980,3.6210,3.6980,32400
EVF,20190301,3.6210,3.6980,3.6210,3.6980,40900
EVF,20190304,3.6980,3.6980,3.6980,3.6980,12613
EVF,20190305,3.7750,4.0062,3.7750,3.9291,50260
EVF,20190306,4.0832,4.0832,3.9291,4.0062,86765
EVF,20190307,4.0832,4.0832,3.9292,4.0062,62352
EVF,20190308,4.0832,4.0832,3.9292,4.0062,30500
EVF,20190311,4.0062,4.0062,3.7750,3.7750,42226
EVF,20190312,3.8520,3.8521,3.8520,3.8521,41500
EVF,20190313,3.8521,3.8521,3.8521,3.8521,31345
EVF,20190314,3.8521,3.8521,3.8521,3.8521,30273
EVF,20190315,3.6980,4.0062,3.6980,3.9291,45500
EVF,20190318,3.8521,3.9291,3.8521,3.9291,16640
EVF,20190319,3.8521,3.8521,3.8521,3.8521,51709
EVF,20190320,3.8521,3.9291,3.8521,3.9291,50192
EVF,20190321,3.9291,4.3914,3.8521,4.3914,138426
EVF,20190322,4.5455,4.8537,4.5455,4.8536,137275
EVF,20190325,5.3158,5.5470,5.3158,5.5470,126633
EVF,20190326,6.3174,6.3174,4.7766,5.3159,304484
EVF,20190327,5.3159,5.3159,5.0077,5.0077,167200
EVF,20190328,5.0077,5.0077,4.5455,4.8536,230110
EVF,20190329,4.6995,5.4700,4.6995,5.4700,229295
EVF,20190401,5.4700,5.5470,5.2389,5.4700,107400
EVF,20190402,5.2389,5.3930,5.1618,5.3159,96000
EVF,20190403,5.0077,5.3159,4.9307,5.1618,76082
EVF,20190404,4.9307,5.2388,4.9307,5.2388,75740
EVF,20190405,5.0847,5.7011,5.0847,5.7011,275803
EVF,20190408,5.6241,5.7781,5.4700,5.7781,159529
EVF,20190409,5.7781,5.7781,5.5470,5.6240,100078
EVF,20190410,5.5470,5.6240,5.4699,5.6240,168112
EVF,20190411,5.5470,5.7010,5.5470,5.6240,65196
EVF,20190412,5.5470,5.7010,5.3929,5.4700,92156
EVF,20190416,5.3930,5.3930,5.0847,5.0847,75128
EVF,20190417,5.3158,5.3158,4.7765,5.0847,39630
EVF,20190418,4.9306,5.0847,4.7765,4.8536,53041
EVF,20190419,5.0847,5.0847,4.6995,4.8536,40970
EVF,20190422,4.7766,4.8536,4.6995,4.8536,33360
EVF,20190423,4.7766,4.7766,4.6225,4.7766,34830
EVF,20190424,4.6996,4.8536,4.6225,4.6995,23500
EVF,20190425,4.6225,4.7765,4.6225,4.6225,15399
EVF,20190426,4.6225,4.6995,4.6225,4.6225,27190
EVF,20190502,4.6995,4.6995,4.6225,4.6995,27860
EVF,20190503,4.6225,4.6995,4.6225,4.6225,23330
EVF,20190506,4.6225,4.6225,4.4684,4.4684,25547
EVF,20190507,4.4684,4.4684,4.2373,4.3914,40403
EVF,20190508,4.2373,4.2373,4.1603,4.2373,13571
EVF,20190509,4.1603,4.3143,4.0062,4.2373,48420
EVF,20190510,4.2373,4.5455,4.1603,4.3914,60652
EVF,20190513,4.3914,4.5455,4.3914,4.5455,58050
EVF,20190514,4.4685,4.5455,4.3914,4.5455,53080
EVF,20190515,4.3914,4.5455,4.3914,4.5455,57917
EVF,20190516,4.4685,4.6225,4.4685,4.6225,117000
EVF,20190517,4.5455,4.8536,4.5455,4.8536,88710
EVF,20190520,4.7766,4.7766,4.6995,4.6995,34907
EVF,20190521,4.6995,4.7765,4.6995,4.6995,22866
EVF,20190522,4.6225,4.7766,4.5454,4.7766,142520
EVF,20190523,4.6996,4.6996,4.6995,4.6995,49920
EVF,20190524,4.6995,4.7766,4.5454,4.7766,44340
EVF,20190527,4.6996,4.8536,4.6996,4.7766,58264
EVF,20190528,4.6996,4.8536,4.6995,4.6995,16891
EVF,20190529,4.7765,4.8536,4.6995,4.6995,9960
EVF,20190530,4.6225,4.6995,4.5454,4.5455,19370
EVF,20190531,4.4685,4.6225,4.4685,4.5455,30164
EVF,20190603,4.6225,4.6225,4.5455,4.5455,15900
EVF,20190604,4.6225,4.6225,4.4684,4.4684,25161
EVF,20190605,4.3914,4.3914,4.3143,4.3143,27675
EVF,20190606,4.3913,4.3914,4.2373,4.3914,14370
EVF,20190607,4.4684,4.5455,4.3914,4.3914,18718
EVF,20190610,4.3914,4.6996,4.3914,4.6225,24405
EVF,20190611,4.6225,5.0847,4.6225,4.6995,62151
EVF,20190612,4.6225,4.7766,4.6225,4.7766,31717
EVF,20190613,4.6996,4.9307,4.6996,4.9307,92341
EVF,20190614,4.8537,4.9307,4.8536,4.8536,62379
EVF,20190617,4.6225,4.7766,4.6225,4.7766,17636
EVF,20190618,4.8536,4.8536,4.6996,4.7766,35522
EVF,20190619,4.8536,4.8536,4.7766,4.8536,40581
EVF,20190620,5.3158,5.3158,4.6995,4.8536,33971
EVF,20190621,4.7766,4.8536,4.6995,4.6995,53613
EVF,20190624,4.6995,4.7766,4.6995,4.7766,44615
EVF,20190625,4.6996,4.6996,4.6225,4.6225,24498
EVF,20190626,4.6225,4.6225,4.5455,4.5455,22565
EVF,20190627,4.6225,4.6225,4.5455,4.6225,67673
EVF,20190628,4.6225,4.6995,4.5455,4.5455,7862
EVF,20190701,4.6225,4.6225,4.4685,4.6225,17971
EVF,20190702,4.5455,4.8536,4.5455,4.7766,2756681
EVF,20190703,4.6225,4.9307,4.6225,4.6995,55521
EVF,20190704,4.8536,4.9306,4.7765,4.8536,55726
EVF,20190705,4.7766,4.8536,4.7766,4.7766,17603
EVF,20190708,4.8536,4.8536,4.6225,4.6995,49635
EVF,20190709,4.6995,4.6995,4.6225,4.6995,49320
EVF,20190710,4.6225,4.6995,4.6225,4.6995,34942
EVF,20190711,4.7765,4.7765,4.6225,4.6225,20751
EVF,20190712,4.6225,4.7766,4.6225,4.6995,35126
EVF,20190715,4.6995,4.7765,4.6995,4.6995,26215
EVF,20190716,4.6995,4.6995,4.6225,4.6995,63448
EVF,20190717,4.6995,5.3929,4.6995,5.3929,381365
EVF,20190718,5.7781,5.9322,4.8536,5.3929,99954
EVF,20190719,5.1618,5.4699,5.1618,5.3929,189449
EVF,20190722,5.3929,5.3929,5.2388,5.3159,60314
EVF,20190723,5.2389,5.4700,5.1618,5.3929,100039
EVF,20190724,5.3929,5.7011,5.3929,5.5470,297144
EVF,20190725,5.6240,6.2404,5.6240,6.0092,610702
EVF,20190726,6.0092,6.2403,5.7010,5.7781,259740
EVF,20190729,5.9322,6.2403,5.6240,5.8552,152828
EVF,20190730,5.7011,5.7782,5.3929,5.4700,180011
EVF,20190731,5.2389,5.6241,5.1618,5.3929,98194
EVF,20190801,5.3929,5.6240,5.3159,5.3929,102959
EVF,20190802,5.3929,5.7011,5.3929,5.6240,214580
EVF,20190805,5.5470,5.7010,5.5470,5.6240,144098
EVF,20190806,5.6240,5.6240,5.4699,5.5470,126812
EVF,20190807,5.5470,5.6240,5.3929,5.5470,64118
EVF,20190808,5.3929,5.3929,5.2388,5.3159,130291
EVF,20190809,5.3159,5.4700,5.3159,5.3929,58518
EVF,20190812,5.3159,5.7781,5.3159,5.5470,92980
EVF,20190813,5.4700,5.5470,5.3929,5.4700,90089
EVF,20190814,5.3930,5.5470,5.3930,5.4700,92462
EVF,20190815,5.3930,5.4700,5.2389,5.3929,73082
EVF,20190816,5.3929,6.0863,5.3929,6.0863,861412
EVF,20190819,6.0863,6.7797,6.0863,6.7797,671699
EVF,20190820,7.0879,7.7042,6.6256,7.1649,1380495
EVF,20190821,7.1649,7.2419,6.3174,6.5485,731734
EVF,20190822,6.7026,6.7796,6.3174,6.4715,332264
EVF,20190823,6.3945,7.0878,6.1633,6.7026,498831
EVF,20190826,6.8567,6.8567,6.1633,6.3945,276009
EVF,20190827,6.3945,6.5486,6.0863,6.2404,315436
EVF,20190828,6.1634,6.1634,5.8552,5.9322,366133
EVF,20190829,5.7781,6.0092,5.7011,5.8552,242871
EVF,20190830,6.0093,6.5486,5.8552,6.0863,331791
EVF,20190903,6.1633,6.3174,5.7781,5.8552,280853
EVF,20190904,5.7782,5.8552,5.5470,5.7011,118180
EVF,20190905,5.7011,5.9322,5.5470,5.7781,98538
EVF,20190906,5.7011,5.9322,5.7011,5.7781,126137
EVF,20190909,5.7011,5.8551,5.4699,5.4700,197117
EVF,20190910,5.6241,5.6241,5.1618,5.3159,162315
EVF,20190911,5.2389,5.3929,5.2389,5.3159,68362
EVF,20190912,5.3159,5.4700,5.2389,5.3929,72064
EVF,20190913,5.3929,5.6240,5.2388,5.5470,111015
EVF,20190916,5.6240,5.7011,5.3929,5.4700,87011
EVF,20190917,5.7011,5.7011,5.3930,5.5470,79389
EVF,20190918,5.5470,5.5470,5.3159,5.3929,137260
EVF,20190919,5.3159,5.5470,5.3159,5.4700,47035
EVF,20190920,5.4700,5.5470,5.3929,5.3929,106026
EVF,20190923,5.3929,5.3929,5.3159,5.3929,91869
EVF,20190924,5.3159,5.3929,4.9307,5.1618,255840
EVF,20190925,5.1618,5.2388,5.0077,5.0847,91498
EVF,20190926,5.1617,5.1617,5.0077,5.0077,144150
EVF,20190927,4.9307,4.9307,4.8536,4.9307,135261
EVF,20190930,4.8537,5.0077,4.8537,5.0077,57790
EVF,20191001,5.0077,5.0077,4.8536,4.8536,63445
EVF,20191002,4.9306,4.9307,4.9306,4.9307,0
EVF,20191003,4.9307,4.9307,4.9307,4.9307,0
EVF,20191004,4.9307,4.9307,4.9307,4.9307,0
EVF,20191007,4.9307,5.0077,4.6996,4.8536,158116
EVF,20191008,4.8536,5.0077,4.8536,4.8536,32083
EVF,20191009,4.8536,4.8536,4.7766,4.8536,55580
EVF,20191010,4.6995,4.8536,4.6995,4.7766,31499
EVF,20191011,4.7766,4.8536,4.6996,4.7766,32590
EVF,20191014,4.7766,4.8536,4.5455,4.5455,124412
EVF,20191015,4.6225,4.6996,4.1603,4.5455,216276
EVF,20191016,4.3914,4.5455,4.2373,4.5455,38995
EVF,20191017,4.3914,4.4685,4.3144,4.3914,73090
EVF,20191018,4.4684,4.5455,4.3144,4.4684,36556
EVF,20191021,4.3914,4.4684,4.3914,4.3914,23520
EVF,20191022,4.4684,4.4684,4.2373,4.3143,71620
EVF,20191023,4.2373,4.2373,4.0061,4.0832,139144
EVF,20191024,4.1602,4.4684,4.1602,4.3914,47506
EVF,20191025,4.4684,4.9307,4.3144,4.8536,171607
EVF,20191028,4.7766,5.0847,4.7766,4.9307,246945
EVF,20191029,5.0077,5.0077,4.6225,4.7766,82442
EVF,20191030,4.7766,4.7766,4.6225,4.6995,49450
EVF,20191031,4.6995,4.9306,4.6995,4.7766,95469
EVF,20191101,4.7766,4.8536,4.6995,4.6995,10444
EVF,20191104,4.6995,4.7765,4.6995,4.6995,20476
EVF,20191105,4.6995,4.7765,4.6225,4.6995,88438
EVF,20191106,4.6225,4.6225,4.5454,4.6225,68270
EVF,20191107,4.5455,4.6995,4.5455,4.6225,14395
EVF,20191108,4.6225,4.6995,4.5455,4.5455,72906
EVF,20191111,4.6996,4.6996,4.5455,4.5455,39272
EVF,20191112,4.5455,4.5455,4.4685,4.5455,30777
EVF,20191113,4.5455,4.6225,4.4685,4.6225,40206
EVF,20191114,4.5455,4.5455,4.4684,4.4684,20975
EVF,20191115,4.5454,4.5455,4.4684,4.5455,24862
EVF,20191118,4.6225,4.6225,4.3914,4.4684,31998
EVF,20191119,4.5454,4.5454,4.3914,4.4684,27700
EVF,20191120,4.4684,4.5454,4.4684,4.4684,24731
EVF,20191121,4.4684,4.4684,4.3914,4.3914,26779
EVF,20191122,4.3914,4.4684,4.3143,4.3143,43842
EVF,20191125,4.3143,4.4684,4.2373,4.3914,11096
EVF,20191126,4.3914,4.3914,4.3143,4.3143,24108
EVF,20191127,4.3143,4.3913,4.2373,4.3143,32500
EVF,20191128,4.3143,4.3143,4.1602,4.2373,58426
EVF,20191129,4.2373,4.2373,4.0832,4.2373,74397
EVF,20191202,4.1603,4.2373,4.0832,4.0832,31296
EVF,20191203,4.1602,4.2373,4.0832,4.1602,41027
EVF,20191204,4.1602,4.2373,4.0832,4.2373,39249
EVF,20191205,4.2373,4.4684,4.2373,4.3914,36464
EVF,20191206,4.4684,4.4684,4.3144,4.3914,29634
EVF,20191209,4.3914,4.3914,4.2373,4.2373,51164
EVF,20191210,4.2373,4.3143,4.0832,4.3143,39220
EVF,20191211,4.3143,4.3143,4.1602,4.2373,12402
EVF,20191212,4.1603,4.2373,4.0832,4.1602,30796
EVF,20191213,4.1602,4.3143,4.0832,4.2373,34645
EVF,20191216,4.2373,4.5455,4.1603,4.4684,91162
EVF,20191217,4.4684,4.6225,4.3914,4.3914,70835
EVF,20191218,4.3914,4.4684,4.3143,4.3143,41401
EVF,20191219,4.2373,4.3143,4.2373,4.2373,75943
EVF,20191220,4.3914,4.4684,4.2373,4.4684,33947
EVF,20191223,4.3914,4.3914,4.2373,4.2373,65855
EVF,20191224,4.2373,4.3143,4.2373,4.3143,22287
EVF,20191225,4.3143,4.3914,4.3143,4.3914,23442
EVF,20191226,4.3914,4.3914,4.3143,4.3143,20521
EVF,20191227,4.3143,4.3143,4.2373,4.2373,34067
EVF,20191230,4.3143,4.3143,4.2373,4.2373,19510
EVF,20191231,4.2373,4.3143,4.1602,4.1602,52439
EVF,20200102,4.2372,4.2372,4.0832,4.1602,47164
EVF,20200103,4.2372,4.3143,4.2372,4.3143,40760
EVF,20200106,4.3143,4.3143,4.2373,4.3143,48936
EVF,20200107,4.3143,4.7765,4.3143,4.6995,429204
EVF,20200108,4.6225,4.6995,4.3913,4.6225,132184
EVF,20200109,4.5455,4.7766,4.4684,4.6995,71500
EVF,20200110,4.6995,5.0077,4.6995,4.8536,247702
EVF,20200113,4.6995,4.7766,4.1602,4.6225,141146
EVF,20200114,4.4684,4.7766,4.3914,4.7766,181901
EVF,20200115,4.7766,4.9307,4.7766,4.9307,87200
EVF,20200116,4.8537,5.0077,4.6996,5.0077,218810
EVF,20200117,4.9307,5.0847,4.8536,5.0847,94035
EVF,20200120,5.0077,5.2388,4.9306,5.2388,89400
EVF,20200121,5.1618,5.4699,4.9306,4.9307,259900
EVF,20200122,5.0077,5.2389,4.8537,5.1618,29913
EVF,20200130,5.0077,5.0848,4.9307,5.0077,56900
EVF,20200131,4.9307,5.1618,4.9307,5.1618,140754
EVF,20200203,4.9307,4.9307,4.3143,4.8536,174185
EVF,20200204,4.6225,5.3159,4.6225,5.3159,471825
EVF,20200205,5.3159,6.0093,5.2389,5.4700,707263
EVF,20200206,5.8552,6.0093,5.2389,5.3929,293939
EVF,20200207,5.3159,5.4699,5.2388,5.3159,118965
EVF,20200210,5.3159,6.0863,5.3159,6.0863,495066
EVF,20200211,5.9322,6.2404,5.8552,6.2404,489288
EVF,20200212,6.0093,6.1634,5.9322,6.0863,165306
EVF,20200213,6.0093,6.6256,6.0093,6.5485,553713
EVF,20200214,6.3174,6.5485,6.1633,6.5485,318610
EVF,20200217,6.4715,6.5485,6.1633,6.5485,265092
EVF,20200218,6.7122,7.0396,6.3029,7.0225,407664
EVF,20200219,6.6959,7.1042,6.6958,6.6958,350014
EVF,20200220,6.7775,7.0224,6.6958,6.8591,237009
EVF,20200221,6.7774,6.7774,6.3692,6.5325,75879
EVF,20200224,6.5325,7.0224,5.9609,6.6958,474444
EVF,20200225,6.6141,7.1857,6.6141,7.1041,426017
EVF,20200226,7.0224,7.0224,6.8591,6.9408,408959
EVF,20200227,6.7775,6.7775,6.5325,6.5325,99960
EVF,20200228,6.6142,6.6142,6.2059,6.2875,66876
EVF,20200302,6.1242,6.4508,6.0425,6.1242,67093
EVF,20200303,6.2059,6.3692,6.0425,6.1242,87062
EVF,20200304,6.0425,6.2059,5.9609,6.2059,39308
EVF,20200305,6.1242,6.2059,6.1242,6.2059,66814
EVF,20200306,6.1242,6.2876,5.8793,6.2059,72956
EVF,20200309,6.1242,6.1242,5.6343,5.7976,163305
EVF,20200310,5.3077,5.9609,5.1443,5.7976,203820
EVF,20200311,5.7159,5.9609,5.5526,5.7976,92700
EVF,20200312,5.6343,5.7159,5.4710,5.7159,92275
EVF,20200313,5.4709,5.7976,5.4709,5.7976,83419
EVF,20200316,5.6343,6.0426,5.6343,5.9609,98995
EVF,20200317,5.7976,5.9609,5.7976,5.9609,59010
EVF,20200318,5.8792,6.0426,5.8792,6.0426,57289
EVF,20200319,5.9609,5.9609,5.7160,5.8793,98646
EVF,20200320,5.7160,6.1243,5.7160,6.1242,91919
EVF,20200323,5.9609,5.9609,5.7976,5.8793,37624
EVF,20200324,5.7976,5.8793,5.7159,5.7159,5355
EVF,20200325,5.7976,5.7976,5.7159,5.7976,39435
EVF,20200326,5.6343,5.7159,5.2260,5.7159,23223
EVF,20200327,5.6342,5.6342,5.4709,5.4710,29146
EVF,20200330,5.4710,5.5527,5.3893,5.3893,11978
EVF,20200331,5.3076,5.8792,4.6544,5.4710,55180
EVF,20200401,5.0627,5.3893,5.0627,5.3077,29009
EVF,20200403,5.1444,5.5527,5.1444,5.4710,29140
EVF,20200406,5.2260,5.6343,5.2260,5.6343,17505
EVF,20200407,5.4710,5.4710,5.3893,5.3893,27897
EVF,20200408,5.3076,5.4710,5.3076,5.4710,13375
EVF,20200409,5.3893,5.5527,5.3893,5.3893,42666
EVF,20200410,5.3893,5.4710,5.3893,5.4710,21369
EVF,20200413,5.3893,5.5527,5.3893,5.4710,14500
EVF,20200414,5.3893,5.4710,5.3077,5.3893,15238
EVF,20200415,5.3893,5.4710,5.3076,5.3893,15095
EVF,20200416,5.3893,5.4710,5.3076,5.3893,48697
EVF,20200417,5.3893,5.6343,5.3893,5.4710,63823
EVF,20200420,5.4710,6.1243,5.4710,5.8793,116612
EVF,20200421,5.9610,5.9610,5.5526,5.5526,53900
EVF,20200422,5.7159,5.7976,5.5526,5.7159,39319
EVF,20200423,5.7976,6.2058,5.7976,5.9609,95875
EVF,20200424,5.9609,5.9609,5.7159,5.9609,24759
EVF,20200427,5.9609,5.9609,5.7159,5.8793,29862
EVF,20200428,5.8793,5.8793,5.6343,5.7976,31177
EVF,20200429,5.7159,5.8793,5.7159,5.7159,9895
EVF,20200504,5.7976,5.7976,5.4709,5.7159,62740
EVF,20200505,5.7159,5.7976,5.6342,5.6343,12891
EVF,20200506,5.7160,5.7976,5.6343,5.7159,22499
EVF,20200507,5.7159,5.7976,5.5526,5.7976,69400
EVF,20200508,5.7976,6.0426,5.7976,5.8793,155422
EVF,20200511,6.0426,6.0426,5.8793,6.0426,57788
EVF,20200512,5.9609,6.0426,5.8793,6.0426,76900
EVF,20200513,5.8793,5.9609,5.7976,5.8793,85558
EVF,20200514,5.7976,6.0426,5.7976,5.7976,70247
EVF,20200515,5.7976,5.7976,5.7159,5.7976,54164
EVF,20200518,5.7159,5.7159,5.7159,5.7159,59490
EVF,20200519,5.7159,6.4508,4.8993,6.2059,1015977
EVF,20200520,6.2876,6.6958,6.2876,6.3692,212270
EVF,20200521,6.3692,6.3692,6.1242,6.2059,54303
EVF,20200522,6.2059,6.2876,6.1242,6.1242,82106
EVF,20200525,6.1242,6.1242,6.0425,6.1242,124863
EVF,20200526,6.1242,6.3692,6.0425,6.2875,69802
EVF,20200527,6.2058,6.3692,6.0425,6.1242,80432
EVF,20200528,6.2059,6.2059,6.0425,6.0426,39090
EVF,20200529,6.0426,6.1243,5.2260,6.0426,45442
EVF,20200601,6.0426,6.1243,5.9609,6.0426,130430
EVF,20200602,5.9609,6.2059,5.1444,6.1242,110747
EVF,20200603,6.0425,6.2059,6.0425,6.2059,73056
EVF,20200604,6.1242,6.2059,6.0426,6.1242,171569
EVF,20200605,6.1242,6.1242,6.0425,6.1242,161479
EVF,20200608,6.1242,6.3692,5.2260,6.2875,497621
EVF,20200609,6.2875,6.3692,6.2058,6.2059,178601
EVF,20200610,6.2876,6.8592,5.3893,6.6142,521056
EVF,20200611,6.6142,6.8592,6.2059,6.2875,407992
EVF,20200612,6.2058,6.2058,5.7976,6.1242,174619
EVF,20200615,6.0425,6.0425,5.7976,5.8793,393506
EVF,20200616,5.8793,5.9610,5.7976,5.9609,167331
EVF,20200617,5.9609,5.9609,5.7976,5.8793,165072
EVF,20200618,5.8793,5.9610,5.7976,5.8793,89546
EVF,20200619,5.8793,6.0426,5.7976,5.9609,77316
EVF,20200622,5.9609,5.9609,5.8792,5.9609,90573
EVF,20200623,5.8792,5.9609,5.7976,5.9609,264459
EVF,20200624,5.8792,5.9609,5.7976,5.8793,129258
EVF,20200625,5.8793,5.8793,5.0627,5.7159,189578
EVF,20200626,5.7159,5.7159,5.5526,5.6343,166547
EVF,20200629,5.6343,5.6343,5.1444,5.3077,159911
EVF,20200630,5.1444,5.3894,5.1444,5.2260,103905
EVF,20200701,5.2260,5.5526,5.2260,5.5526,71767
EVF,20200702,5.5526,5.5526,4.6544,5.4710,28821
EVF,20200703,5.5527,5.7160,5.4710,5.5526,29773
EVF,20200706,5.3076,5.5526,5.3076,5.4710,59600
EVF,20200707,5.4710,5.5527,5.4710,5.4710,62379
EVF,20200708,5.3893,5.5527,5.3893,5.5526,45685
EVF,20200709,5.3893,5.5526,5.3893,5.4710,50560
EVF,20200710,5.5527,5.5527,5.3893,5.4710,137623
EVF,20200713,5.4710,5.4710,5.3893,5.3893,41822
EVF,20200714,5.4710,5.5526,5.3893,5.4710,96286
EVF,20200715,5.3893,5.4710,5.3893,5.4710,63465
EVF,20200716,5.4710,5.5527,5.3893,5.3893,25868
EVF,20200717,5.3893,5.4710,5.3076,5.4710,115253
EVF,20200720,5.4710,5.5527,5.3893,5.3893,27756
EVF,20200721,5.3893,5.4710,5.3893,5.4710,60110
EVF,20200722,5.3893,5.4710,5.3893,5.4710,34130
EVF,20200723,5.3893,5.3893,5.3077,5.3893,50900
EVF,20200724,5.3076,5.3893,4.8994,4.9810,129200
EVF,20200727,4.8993,5.1443,4.6544,4.6544,197061
EVF,20200728,4.8177,5.0627,4.8177,4.9810,78752
EVF,20200729,5.0627,5.0627,4.7360,4.8177,67303
EVF,20200730,4.8994,4.9810,4.1645,4.9810,47777
EVF,20200731,4.8177,4.9810,4.8177,4.9810,42682
EVF,20200803,4.8177,4.9810,4.8177,4.8994,74844
EVF,20200804,4.9811,5.1444,4.8994,5.0627,60797
EVF,20200805,5.0627,5.0627,4.8994,5.0627,58882
EVF,20200806,4.9810,5.0627,4.2461,4.9810,33770
EVF,20200807,5.0627,5.0627,4.2461,5.0627,58052
EVF,20200810,5.0627,5.3893,5.0627,5.2260,108469
EVF,20200811,5.2260,5.4710,5.1443,5.3077,76219
EVF,20200812,5.3077,5.4710,4.8994,5.3077,91424
EVF,20200813,5.3077,5.3894,5.3077,5.3893,87786
EVF,20200814,5.3893,6.0425,5.3893,5.6343,385633
EVF,20200817,5.6343,5.7160,5.4710,5.7159,106109
EVF,20200818,5.6342,5.7976,5.5526,5.6343,54564
EVF,20200819,5.6343,5.6343,5.4710,5.4710,113819
EVF,20200820,5.6343,5.7160,5.3893,5.5526,35645
EVF,20200821,5.4709,5.5526,5.3893,5.4710,63314
EVF,20200824,5.4710,5.6343,5.3893,5.6343,178131
EVF,20200825,5.5526,5.7160,5.4710,5.6343,129026
EVF,20200826,5.6343,5.6343,5.5526,5.5526,75628
EVF,20200827,5.5526,5.6343,5.4709,5.5526,96960
EVF,20200828,5.5526,5.7159,5.5526,5.7159,107200
EVF,20200831,5.5526,5.6342,5.5526,5.5526,72416
EVF,20200901,5.5526,5.5526,5.4709,5.5526,57278
EVF,20200903,5.4709,5.5526,5.4709,5.4710,93125
EVF,20200904,5.4710,5.5527,5.3893,5.5526,95163
EVF,20200907,5.5526,5.5526,5.4709,5.4710,130596
EVF,20200908,5.4710,5.5527,5.4710,5.5526,44623
EVF,20200909,5.4709,5.4710,5.3893,5.4710,101815
EVF,20200910,5.4710,5.5527,5.4710,5.5526,106704
EVF,20200911,5.5526,5.7159,5.5526,5.5526,99640
EVF,20200914,5.5526,5.7159,5.5526,5.5526,134516
EVF,20200915,5.6343,5.6343,5.5526,5.5526,189607
EVF,20200916,5.6343,5.8793,4.8994,5.8793,422713
EVF,20200917,5.7976,5.9610,5.7160,5.7976,149052
EVF,20200918,5.7976,5.8793,5.7159,5.8793,143314
EVF,20200921,5.8793,5.9610,5.7976,5.8793,263973
EVF,20200922,5.7976,6.3692,5.7976,5.9609,231689
EVF,20200923,5.8792,6.1242,5.8792,5.9609,96094
EVF,20200924,5.9609,6.5325,5.8792,6.4509,792878
EVF,20200925,6.4509,6.6959,6.3692,6.3692,772441
EVF,20200928,6.2875,6.3692,6.2059,6.2875,203911
EVF,20200929,6.2058,6.2058,5.3076,6.0426,375851
EVF,20200930,5.8793,6.1243,5.1444,6.0426,243399
EVF,20201001,6.0426,6.3692,5.1444,6.2875,414828
EVF,20201002,6.2875,6.3692,6.0425,6.3692,386816
EVF,20201005,6.2875,6.5325,6.2875,6.5325,505887
EVF,20201006,6.5325,6.5325,6.3692,6.5325,305949
EVF,20201007,6.3692,6.6142,5.5526,6.5325,242708
EVF,20201008,6.5325,6.6142,6.4508,6.5325,276304
EVF,20201009,6.5325,6.6958,6.4508,6.6958,256508
EVF,20201012,6.6958,6.8591,5.5526,6.6142,281363
EVF,20201013,6.6142,6.6142,6.4509,6.5325,76400
EVF,20201014,6.5325,6.5325,6.4508,6.4509,121400
EVF,20201015,6.2876,6.5326,6.2059,6.5325,217500
EVF,20201016,6.3692,6.5325,6.3692,6.4509,70000
EVF,20201019,6.4509,6.5326,6.3692,6.4509,116200
EVF,20201020,6.4509,6.5326,6.4509,6.5325,118100
EVF,20201021,6.5325,6.7775,6.4508,6.5325,191966
EVF,20201022,6.4508,6.6142,6.4508,6.5325,79920
EVF,20201023,6.5325,6.6142,6.4508,6.4509,98285
EVF,20201026,6.5326,6.6959,6.5326,6.6142,248295
EVF,20201027,6.6142,6.8592,6.5325,6.8591,309562
EVF,20201028,6.6958,6.9408,6.6958,6.6958,238396
EVF,20201029,6.5325,6.7775,6.5325,6.6958,176281
EVF,20201030,6.6141,6.6142,6.6141,6.6142,72613
EVF,20201102,6.5325,6.6142,6.4509,6.6142,78155
EVF,20201103,6.5325,6.6959,5.6343,6.6142,120427
EVF,20201104,6.6142,6.6959,6.6142,6.6958,125979
EVF,20201105,6.6958,6.6958,5.7159,6.5325,53279
EVF,20201106,6.6142,6.6142,6.5325,6.6142,84056
EVF,20201109,6.5325,6.6142,6.5325,6.6142,79576
EVF,20201110,6.6142,6.6142,6.5325,6.5325,119776
EVF,20201111,6.6142,6.6142,6.4508,6.6142,154361
EVF,20201112,6.5325,6.5325,6.4509,6.5325,40433
EVF,20201113,6.4508,6.6958,6.4508,6.5325,162489
EVF,20201116,6.5325,6.6142,6.4508,6.5325,116988
EVF,20201117,6.6142,6.6142,6.5325,6.6142,136266
EVF,20201118,6.5325,6.6142,6.5325,6.6142,134606
EVF,20201119,6.5325,6.6142,6.5325,6.6142,89757
EVF,20201120,6.6142,6.6142,6.5325,6.6142,101634
EVF,20201123,6.6142,6.6959,6.5325,6.6142,124372
EVF,20201124,6.6142,6.6959,6.5325,6.6142,49100
EVF,20201125,6.6142,6.6959,6.4509,6.6142,122200
EVF,20201126,6.4509,6.5325,6.4509,6.5325,32456
EVF,20201127,6.4508,6.6142,6.4508,6.5325,42400
EVF,20201130,6.4508,6.9408,6.4508,6.6958,185400
EVF,20201201,6.6958,7.1041,6.6141,7.1041,298900
EVF,20201202,7.1041,7.2674,6.9408,7.1858,394000
EVF,20201203,7.1041,7.6757,7.1041,7.5940,331554
EVF,20201204,7.5940,7.6757,7.3490,7.3491,261283
EVF,20201207,7.3491,7.3491,7.1041,7.3491,190689
EVF,20201208,7.1858,7.4308,7.0225,7.2674,183616
EVF,20201209,7.2674,7.5940,7.1041,7.3491,283752
EVF,20201210,7.3491,7.4308,7.1858,7.2674,146000
EVF,20201211,7.3491,7.5124,7.2674,7.3491,160907
EVF,20201214,7.3491,7.5941,7.2674,7.5124,106531
EVF,20201215,7.4307,7.4307,7.3491,7.4307,139868
EVF,20201216,7.4307,7.5124,7.3490,7.5124,250000
EVF,20201217,7.4307,7.5941,7.2674,7.4307,525102
EVF,20201218,7.5124,7.5124,7.3490,7.4307,76965
EVF,20201221,7.4307,7.5124,7.2674,7.4307,180970
EVF,20201222,7.3490,8.1656,7.3490,7.9207,560501
EVF,20201223,7.9207,7.9207,7.5124,7.7574,277200
EVF,20201224,7.7574,7.7574,7.3491,7.5124,159700
EVF,20201225,7.4307,7.7574,7.4307,7.5124,198400
EVF,20201228,7.5124,8.0023,7.5124,7.9207,485000
EVF,20201229,7.8390,8.3290,7.8390,8.1656,1457806
EVF,20201230,8.1656,8.3289,7.9206,8.0840,998410
EVF,20201231,8.0840,8.0840,7.9207,8.0023,229100
EVF,20210104,7.9206,8.0023,7.8390,7.9207,370000
EVF,20210105,7.8390,7.9207,7.6757,7.7574,574748
EVF,20210106,7.6757,7.9207,7.6757,7.7574,267878
EVF,20210107,7.8391,8.0024,7.7574,7.8390,597800
EVF,20210108,7.9207,7.9207,7.7573,7.8390,318500
EVF,20210111,7.8390,8.3289,7.7573,7.9207,713200
EVF,20210112,8.0024,8.4923,8.0024,8.4106,2302971
EVF,20210113,8.1656,8.9822,8.1656,8.7372,1034872
EVF,20210114,8.8189,8.8189,7.5124,8.7372,772309
EVF,20210115,8.6555,8.9822,8.4106,8.7372,2064318
EVF,20210118,8.6555,8.9822,8.6555,8.9005,1349544
EVF,20210119,8.9005,8.9005,8.0023,8.2473,1004341
EVF,20210120,8.1656,8.4106,7.5940,8.2473,537519
EVF,20210121,8.2473,8.4923,8.0840,8.4106,481305
EVF,20210122,8.4106,8.4923,8.2473,8.4106,316200
EVF,20210125,8.4106,8.4923,8.2473,8.4106,582170
EVF,20210126,8.4106,8.4106,8.0023,8.1656,484509
EVF,20210127,8.0839,8.0839,7.3490,7.5124,313478
EVF,20210128,7.3491,7.3491,6.5325,6.5325,782315
EVF,20210129,6.5325,7.1857,5.7159,6.6958,405634
EVF,20210201,6.7775,7.1857,6.5325,6.5325,384700
EVF,20210202,6.5325,6.7775,6.4508,6.6958,262065
EVF,20210203,6.6958,7.0225,6.6958,7.0225,325299
EVF,20210204,7.0225,7.1042,6.7775,6.8591,197505
EVF,20210205,6.9408,7.2674,6.6958,6.9408,474342
EVF,20210208,7.0225,7.1041,6.7775,6.7775,253400
EVF,20210209,6.9408,7.0225,6.6958,6.9408,206900
EVF,20210217,6.8591,7.1041,6.8591,7.0225,263643
EVF,20210218,7.1042,7.1042,6.9408,7.0225,314838
EVF,20210219,7.0225,7.9207,7.0225,7.5124,469300
EVF,20210222,7.5124,7.6757,7.4307,7.5940,328144
EVF,20210223,7.5940,7.6757,7.5123,7.5940,442325
EVF,20210224,7.5123,7.5940,7.2674,7.3491,417038
EVF,20210225,7.4308,7.4308,7.3491,7.4307,175942
EVF,20210226,7.3490,7.4307,7.2674,7.3491,188307
EVF,20210301,7.3491,7.5124,7.3491,7.4307,147867
EVF,20210302,7.4307,8.0839,7.4307,7.8390,1003825
EVF,20210303,7.6757,8.8189,7.6757,8.8189,2461263
EVF,20210304,8.7372,8.9822,8.3290,8.7372,1406652
EVF,20210305,8.8189,8.8189,8.2473,8.7372,923686
EVF,20210308,8.5739,8.8189,8.5739,8.8189,556600
EVF,20210309,8.7372,8.9822,8.4923,8.8189,970487
EVF,20210310,8.8189,8.9822,7.5124,8.8189,579954
EVF,20210311,8.8189,8.8189,8.5739,8.6556,526472
EVF,20210312,8.5739,8.8189,8.5739,8.6556,538788
EVF,20210315,8.6556,8.6556,8.4923,8.5739,434999
EVF,20210316,8.5739,8.5739,8.4106,8.5739,416535
EVF,20210317,8.5739,8.9822,8.4106,8.8189,1100513
EVF,20210318,8.8189,9.3905,8.8189,8.9822,979312
EVF,20210319,8.9822,8.9822,8.1656,8.9822,634954
EVF,20210322,8.9822,9.0639,7.5940,8.9005,1026209
EVF,20210323,8.8188,8.9822,8.5739,8.6556,752745
EVF,20210324,8.6556,8.6556,8.1657,8.5739,519735
EVF,20210325,8.6556,8.6556,8.3289,8.4923,415222
EVF,20210326,8.4923,8.4923,8.0840,8.4106,538200
EVF,20210329,8.3289,8.7372,8.3289,8.6556,430402
EVF,20210330,8.5739,8.9006,8.5739,8.9005,789831
EVF,20210331,8.8188,10.0437,8.7372,9.7988,3888525
EVF,20210401,9.7988,10.2887,9.7171,9.9621,1033786
EVF,20210402,10.0438,10.2071,9.9621,10.0437,1015619
EVF,20210405,10.0437,10.0437,9.6354,9.7988,1243168
EVF,20210406,9.7988,9.9621,8.3290,9.7988,660004
EVF,20210407,9.7988,9.9621,9.6355,9.7988,725250
EVF,20210408,9.7171,10.0438,9.7171,9.9621,752693
EVF,20210409,9.8804,10.4520,9.8804,10.2071,1070075
EVF,20210412,10.2071,10.3704,10.0438,10.1254,465486
EVF,20210413,10.1254,10.1254,9.7171,9.7988,1025221
EVF,20210414,9.7171,9.7171,9.3905,9.5538,943963
EVF,20210415,9.7171,9.7988,9.3905,9.3905,566860
EVF,20210416,9.3905,9.6355,8.5739,9.3905,455661
EVF,20210419,9.4722,9.7988,9.0639,9.4721,465022
EVF,20210420,9.3904,9.7171,9.2271,9.6355,335300
EVF,20210422,9.5538,9.5538,9.1455,9.1455,361162
EVF,20210423,8.9822,9.3905,8.6556,9.3088,332955
EVF,20210426,9.3088,9.6354,9.2271,9.2272,412678
EVF,20210427,9.2272,9.3089,9.0639,9.3088,157560
EVF,20210428,9.2271,9.3905,9.1455,9.3088,154702
EVF,20210429,9.3088,9.3905,9.0638,9.1455,182148
EVF,20210504,9.0638,9.1455,7.9207,8.6556,674792
EVF,20210505,8.6556,8.9822,8.6556,8.9005,421085
EVF,20210506,8.9005,9.3088,8.8188,9.1455,437347
EVF,20210507,9.0638,9.2272,8.9005,9.1455,389199
EVF,20210510,9.0638,9.1455,8.9005,9.1455,310700
EVF,20210511,8.9822,9.1455,8.9822,9.0639,159227
EVF,20210512,8.9822,9.0639,8.9006,8.9822,178880
EVF,20210513,8.9822,9.0639,8.9005,8.9822,151898
EVF,20210514,8.9005,8.9822,8.8189,8.9822,244340
EVF,20210517,9.0639,9.2272,8.9005,9.0639,484790
EVF,20210518,8.9822,9.1456,8.9005,8.9005,163919
EVF,20210519,8.9822,8.9822,8.9005,8.9822,122029
EVF,20210520,8.8189,8.8189,8.6556,8.7372,155224
EVF,20210521,8.7372,8.9005,8.4922,8.6556,188400
EVF,20210524,8.7373,8.8189,8.5739,8.6556,226000
EVF,20210525,8.5739,8.8189,8.5739,8.8189,251200
EVF,20210526,8.6556,9.0639,8.6556,8.9005,448500
EVF,20210527,8.9822,9.4721,8.9822,9.3088,579089
EVF,20210528,9.3088,9.4721,8.1656,9.3905,372765
EVF,20210531,9.4722,10.3704,9.3905,10.0437,1532394
EVF,20210601,10.1254,10.7786,10.0437,10.4520,1180533
EVF,20210602,10.4520,10.6153,10.2070,10.2887,727640
EVF,20210603,10.2887,11.4319,10.1254,10.8603,1765100
EVF,20210604,10.8603,11.1869,10.6153,10.8603,980080
EVF,20210607,10.8603,11.1053,10.3704,10.5337,1005897
EVF,20210608,10.5337,10.6154,9.9621,10.0437,568142
EVF,20210609,10.0437,10.2887,9.4721,9.9621,670661
EVF,20210610,9.9621,10.6154,9.8804,9.9621,307317
EVF,20210611,9.9621,10.6154,9.8804,10.3704,568115
EVF,20210614,10.2887,10.6154,10.2887,10.4520,623496
EVF,20210615,10.4520,10.6970,8.9005,10.4520,591166
EVF,20210616,10.4520,10.5337,10.2887,10.2887,293328
EVF,20210617,10.2070,10.5337,10.1254,10.5337,271600
EVF,20210618,10.3704,10.4520,10.2887,10.4520,391656
EVF,20210621,10.3703,10.5337,10.2887,10.3704,266763
EVF,20210622,10.3704,10.4521,10.2887,10.3704,437983
EVF,20210623,10.3704,10.3704,10.2071,10.2887,256431
EVF,20210624,10.2887,10.4520,10.2070,10.3704,348492
EVF,20210625,10.2887,10.3704,10.2071,10.2887,352806
EVF,20210628,10.2070,10.2887,10.2070,10.2887,612648
EVF,20210629,10.3704,10.3704,10.2070,10.3704,421677
EVF,20210630,10.2887,10.3704,10.1254,10.2071,304584
EVF,20210701,10.1254,10.2071,10.0438,10.1254,343442
EVF,20210702,10.1254,10.2887,10.1254,10.2071,455048
EVF,20210705,10.1254,10.2071,9.9621,10.1254,365196
EVF,20210706,10.1254,11.5136,10.1254,10.4520,2564163
EVF,20210707,10.3703,10.5337,10.1254,10.3704,307474
EVF,20210708,10.2887,10.7787,10.2887,10.7786,1121699
EVF,20210709,10.6153,10.9419,9.0638,10.3704,1073845
EVF,20210712,10.9420,10.9420,8.9006,9.8804,1035395
EVF,20210713,9.9621,10.1254,9.7171,9.9621,480165
EVF,20210714,9.9621,10.0438,9.5538,9.8804,385500
EVF,20210715,9.7171,10.0437,9.7171,9.7988,352051
EVF,20210716,10.1757,10.2699,9.9872,10.0469,270738
EVF,20210719,10.0469,10.0469,9.2018,9.3897,348852
EVF,20210720,9.2019,9.5775,9.2019,9.5775,225525
EVF,20210721,9.4836,9.7653,9.4836,9.7653,405700
EVF,20210722,9.6714,9.7653,9.5775,9.7653,182059
EVF,20210723,9.6714,9.6714,9.4836,9.5775,314633
EVF,20210726,9.5775,9.5775,9.2958,9.4836,186300
EVF,20210727,9.4836,9.6714,9.4836,9.5775,141600
EVF,20210728,9.4836,9.5775,9.3897,9.4836,234985
EVF,20210729,9.4836,9.5775,9.3897,9.4836,210200
EVF,20210730,9.4836,9.6714,9.3897,9.5775,187800
EVF,20210802,9.5775,9.6714,9.4836,9.6714,327900
EVF,20210803,9.5775,9.9531,9.5775,9.9531,399800
EVF,20210804,9.9531,10.3287,9.9531,10.2347,743500
EVF,20210805,10.1408,10.3286,10.1408,10.1408,199300
EVF,20210806,10.2347,10.2347,9.9530,9.9531,374300
EVF,20210809,9.9531,10.1409,9.8592,10.0469,368695
EVF,20210810,10.1408,10.3286,9.9530,10.1408,434471
EVF,20210811,10.1408,10.8920,10.1408,10.7042,1849194
EVF,20210812,10.7042,10.9859,10.7042,10.7042,794028
EVF,20210813,10.7981,10.7981,10.3286,10.7042,518450
EVF,20210816,10.6103,10.7042,10.4225,10.7042,580526
EVF,20210817,10.7042,10.7042,10.5164,10.6103,414700
EVF,20210818,10.6103,10.7042,10.5164,10.6103,207800
EVF,20210819,10.5164,10.6103,10.4225,10.6103,406400
EVF,20210820,10.6103,10.6103,10.2347,10.3286,610000
EVF,20210823,10.3286,10.3286,9.7652,9.8592,599312
EVF,20210824,9.9531,9.9531,9.5775,9.6714,453961
EVF,20210825,9.6714,9.8592,9.5775,9.7653,261016
EVF,20210826,9.8592,9.8592,9.6714,9.7653,310585
EVF,20210827,9.7653,9.9531,9.5775,9.8592,288241
EVF,20210830,9.9531,10.7043,9.9531,10.5164,987700
EVF,20210831,10.4225,10.6103,9.6713,10.4225,401427
EVF,20210901,10.4225,10.4225,10.0469,10.3286,352500
EVF,20210906,10.3286,10.7042,10.1408,10.5164,1044500
EVF,20210907,10.5164,11.7371,10.5164,11.3615,4001578
EVF,20210908,11.4554,11.6432,11.2676,11.3615,1152600
EVF,20210909,11.3615,11.4554,11.0798,11.2676,659300
EVF,20210910,11.2676,11.3615,11.0798,11.3615,687100
EVF,20210913,11.2676,12.2066,11.1737,11.5493,1164714
EVF,20210914,11.5493,11.5493,11.1737,11.3615,470710
EVF,20210915,11.3615,11.3615,11.0798,11.3615,871300
EVF,20210916,11.0798,11.7371,11.0798,11.4554,929621
EVF,20210917,11.5493,11.7371,11.2676,11.6432,707322
EVF,20210920,11.7371,12.5822,11.5493,12.3005,2394750
EVF,20210921,12.2066,12.4883,11.8310,12.3005,1177082
EVF,20210922,12.2066,12.9578,12.2066,12.7700,1218997
EVF,20210923,12.5822,13.0517,12.1127,12.4883,1446872
EVF,20210924,12.2066,12.5822,11.9249,12.4883,950438
EVF,20210927,12.4883,12.5822,12.2066,12.3005,1044491
EVF,20210928,12.2066,12.4883,12.0188,12.3944,688559
EVF,20210929,12.2066,12.3944,12.1127,12.3944,421757
EVF,20210930,12.3944,12.6761,12.2066,12.4883,316973
EVF,20211001,12.4883,12.5822,12.3005,12.3944,598339
EVF,20211004,12.3944,12.3944,12.1127,12.2066,836691
EVF,20211005,12.3944,12.4883,12.1127,12.3944,483537
EVF,20211006,12.4883,12.6761,12.3005,12.6761,582000
EVF,20211007,12.6761,13.5212,12.6761,13.2394,1133328
EVF,20211008,13.3333,13.3333,12.9577,13.2394,642700
EVF,20211011,13.1455,14.4601,13.1455,14.0845,1546100
EVF,20211012,14.0845,14.7418,13.9906,14.4601,1437500
EVF,20211013,14.5540,14.8357,14.3662,14.5540,609000
EVF,20211014,14.5540,14.5540,14.1784,14.3662,782100
EVF,20211015,14.3662,14.4601,14.0845,14.3662,808700
EVF,20211018,14.3662,14.5540,14.2723,14.4601,669800
EVF,20211019,14.4601,15.1174,14.3662,15.1174,866600
EVF,20211020,15.0235,16.3381,15.0235,16.0563,1430200
EVF,20211021,15.9624,16.4319,15.4929,16.3380,835600
EVF,20211022,15.9624,16.3380,15.9624,16.3380,765200
EVF,20211025,16.4319,16.8075,16.0563,16.3380,744000
EVF,20211026,16.3380,16.7136,16.3380,16.7136,610900
EVF,20211027,16.6197,16.8075,16.5258,16.7136,507800
EVF,20211028,16.6197,16.9014,16.6197,16.9014,731385
EVF,20211029,16.8075,17.4648,16.8075,17.3709,907088
EVF,20211101,17.2770,17.9343,17.2770,17.6526,808018
EVF,20211102,17.6526,17.7465,17.4648,17.4648,694614
EVF,20211103,17.3709,17.4648,15.9625,16.5258,1930641
EVF,20211104,16.7136,16.9014,15.9624,16.7136,498507
EVF,20211105,16.7136,16.9014,16.4319,16.8075,451845
EVF,20211108,16.7136,16.8075,16.4319,16.6197,524420
EVF,20211109,16.7136,17.1831,16.4319,16.8075,610562
EVF,20211110,16.8075,16.9953,16.7136,16.9014,479300
EVF,20211111,16.7136,16.9014,16.6197,16.9014,553200
EVF,20211112,16.8075,16.9014,16.4319,16.8075,612769
EVF,20211115,16.7136,17.4648,16.7136,17.2770,1599491
EVF,20211116,17.3709,17.3709,16.9953,17.1831,894070
EVF,20211117,17.1831,17.1831,16.9014,16.9953,522092
EVF,20211118,16.9014,18.4038,16.8075,18.0282,2275332
EVF,20211119,17.6526,18.7794,17.4648,18.0282,1331728
EVF,20211122,18.3099,18.5916,17.4648,17.7465,923300
EVF,20211123,17.7465,17.7465,15.3052,17.1831,1325369
EVF,20211124,17.1831,17.7465,14.3662,17.2770,1077052
EVF,20211125,17.2770,17.3709,14.6479,17.1831,765764
EVF,20211126,17.1831,17.1831,16.5258,16.9014,870800
EVF,20211129,16.8075,16.9014,16.1502,16.7136,559462
EVF,20211130,16.8075,18.2159,16.8075,17.3709,2187894
EVF,20211201,17.3709,17.5587,17.0892,17.4648,755058
EVF,20211202,17.4648,17.5587,17.2770,17.4648,1024854
EVF,20211203,17.5587,17.9343,17.2770,17.2770,1817557
EVF,20211206,17.9343,17.9343,16.6197,16.9014,958653
EVF,20211207,16.9953,17.4648,16.6197,17.4648,1371222
EVF,20211208,17.6526,19.7183,14.6479,19.4366,6715216
EVF,20211209,19.2488,21.3145,18.7793,19.0610,2640638
EVF,20211210,19.0610,19.0610,18.4976,18.8732,1044776
EVF,20211213,18.6854,21.4084,15.9624,19.0610,2246930
EVF,20211214,18.9671,19.2488,18.4037,18.4038,1210679
EVF,20211215,18.4977,18.5916,18.0282,18.2160,1161400
EVF,20211216,18.3099,18.3099,17.4648,18.1221,1789700
EVF,20211217,17.9343,18.9672,17.8404,18.1221,1386400
EVF,20211220,17.8404,18.3099,17.5587,17.7465,1531949
EVF,20211221,17.7465,17.8404,17.1831,17.3709,1782109
EVF,20211222,17.5587,18.4977,17.4648,18.0282,1724500
EVF,20211223,18.1221,18.3099,17.2770,17.5587,1503880
EVF,20211224,17.5587,17.9343,17.3709,17.5587,647767
EVF,20211227,17.5587,17.7465,17.2770,17.3709,778315
EVF,20211228,17.4648,17.9343,17.3709,17.7465,1471005
EVF,20211229,17.8404,18.3099,17.8404,18.0282,1749734
EVF,20211230,18.0282,18.0282,18.0282,18.0282,0
EVF,20211231,18.0282,18.0282,18.0282,18.0282,0
EVF,20220104,18.0282,18.0282,18.0282,18.0282,0
EVF,20220105,18.0282,18.0282,18.0282,18.0282,0
EVF,20220106,18.0282,18.0282,18.0282,18.0282,0
EVF,20220107,18.0282,18.0282,18.0282,18.0282,0
EVF,20220110,18.0282,18.0282,18.0282,18.0282,0
EVF,20220111,18.0282,18.0282,18.0282,18.0282,0
EVF,20220112,18.0282,18.0282,18.0282,18.0282,0
EVF,20220113,18.0282,18.2160,16.6667,16.9953,1054900
EVF,20220114,15.8685,16.9014,15.8685,16.2441,760400
EVF,20220117,16.2441,16.2441,15.1173,15.1643,1137700
EVF,20220118,15.1643,18.0282,15.1643,18.0282,0
EVF,20220119,18.0282,18.0282,18.0282,18.0282,0
EVF,20220120,15.1174,16.3850,15.1174,16.0563,803800
EVF,20220121,15.4929,15.8685,15.2582,15.6338,1288500
EVF,20220124,15.6338,15.6338,14.5540,14.6479,1446500
EVF,20220125,14.9296,14.9296,14.1784,14.8826,630300
EVF,20220126,15.3051,15.3051,14.4601,14.4601,448200
EVF,20220127,14.2723,15.3991,14.2723,14.5540,1137400
EVF,20220128,14.6479,14.7418,14.2723,14.6948,491000
EVF,20220207,15.0704,15.6807,14.9295,15.4930,700200
EVF,20220208,15.9625,15.9625,15.3991,15.5399,426800
EVF,20220209,15.3991,15.6338,15.1174,15.4930,673100
EVF,20220210,15.4930,15.7747,15.0235,15.1174,1456200
EVF,20220211,15.1174,15.3052,14.9766,15.1174,476400
EVF,20220214,15.1174,15.6808,14.8827,15.3991,1464200
EVF,20220215,15.0235,15.3991,15.0235,15.3052,1136700
EVF,20220216,15.3052,15.6338,15.1174,15.4460,1700600
EVF,20220217,15.4929,15.4929,15.1174,15.3052,658300
EVF,20220218,15.3052,15.6808,15.2583,15.6338,998900
EVF,20220221,15.6338,15.7746,15.6338,15.7746,635100
EVF,20220222,15.9624,16.5258,15.7746,16.5258,1940700
EVF,20220223,16.5258,16.8075,16.4319,16.5258,738900
EVF,20220224,16.2911,16.6197,15.4929,16.2441,1777200
EVF,20220225,16.1502,16.6197,16.1502,16.6197,1958400
EVF,20220228,16.6197,16.9014,16.4319,16.7136,2240100
EVF,20220301,16.7136,16.7136,16.4319,16.4789,700000
EVF,20220302,16.2911,16.4320,16.0094,16.0563,1064600
EVF,20220303,16.2500,16.8500,16.2500,16.7500,706800
EVF,20220304,17.3000,17.3000,16.9000,16.9000,734000
EVF,20220307,16.9500,17.1000,16.5000,16.8000,643600
EVF,20220308,16.5000,16.9000,16.5000,16.7000,515900
EVF,20220309,17.1000,17.8500,17.0000,17.8500,2898400
EVF,20220310,18.5000,18.9000,18.0000,18.0500,2059400
EVF,20220311,18.0500,18.0500,17.7000,17.8000,692200
EVF,20220314,17.4000,17.7000,16.8000,16.9000,1284100
EVF,20220315,16.6000,17.0000,16.6000,16.8000,648900
EVF,20220316,17.0000,17.3000,16.9000,17.2500,467200
EVF,20220317,17.5000,17.5000,17.0000,17.0500,442700
EVF,20220318,17.0500,17.5000,17.0000,17.1000,423600
EVF,20220321,17.0500,17.3000,17.0500,17.0500,542000
EVF,20220322,17.0500,17.1500,16.8500,17.0000,827800
EVF,20220323,17.0000,17.3500,17.0000,17.1500,700800
EVF,20220324,17.0500,17.2000,16.9500,17.2000,624900
EVF,20220325,17.3000,17.9500,17.3000,17.6000,1095200
EVF,20220328,17.1000,17.6000,17.1000,17.5000,690600
EVF,20220329,17.5000,17.7000,17.0000,17.0500,1745500
EVF,20220330,17.0500,17.4500,16.8000,17.1000,1391800
EVF,20220331,17.1000,17.2000,16.5000,17.1000,1236000
EVF,20220401,17.0000,17.0500,16.7000,17.0000,611700
EVF,20220404,17.0000,17.1000,16.9000,17.0000,544400
EVF,20220405,16.9500,16.9500,16.7500,16.8000,489300
EVF,20220406,16.6000,16.7500,16.4000,16.4000,978000
EVF,20220407,16.4000,16.4500,15.9000,15.9000,791800
EVF,20220408,15.9000,16.0000,15.4000,15.4000,791600
EVF,20220412,15.2000,15.6000,14.8000,14.8000,914900
EVF,20220413,14.8000,15.3000,14.8000,15.3000,486400
EVF,20220414,15.3500,15.8000,15.3500,15.4000,308500
EVF,20220415,15.3500,15.4000,15.0000,15.4000,283800
EVF,20220418,15.4000,15.4000,14.3500,14.5500,744400
EVF,20220419,14.6000,14.9000,13.5500,13.5500,539100
EVF,20220420,13.5500,13.6000,12.7000,12.9500,872400
EVF,20220421,12.5500,13.5000,12.2500,13.5000,826600
EVF,20220422,13.5000,13.9000,13.3500,13.5500,367200
EVF,20220425,13.2000,13.6000,12.6500,12.6500,732700
EVF,20220426,12.2500,12.8500,11.8000,12.8500,769500
EVF,20220427,12.8500,13.0500,12.5500,13.0500,346400
EVF,20220428,13.0500,13.3000,12.8000,12.9000,355100
EVF,20220429,12.8000,13.0000,12.7000,13.0000,632400
EVF,20220504,13.1000,13.3500,12.8000,13.0000,329000
EVF,20220505,13.0500,13.4000,12.9000,13.0000,272800
EVF,20220506,12.9000,12.9000,12.5500,12.5500,279900
EVF,20220509,12.5000,12.5500,11.7000,11.7000,466600
EVF,20220510,10.9000,11.7000,10.9000,11.5000,803900
EVF,20220511,11.8000,11.9000,11.4000,11.6000,330600
EVF,20220512,11.6000,11.7000,11.0000,11.0000,337600
EVF,20220513,11.0000,11.0000,10.2500,10.2500,879800
EVF,20220516,10.5000,10.9500,10.4000,10.4000,282000
EVF,20220517,10.1000,11.1000,10.1000,11.1000,400300
EVF,20220518,11.2500,11.5000,11.2000,11.4000,221600
EVF,20220519,11.0000,11.5000,10.9000,11.4500,197800
EVF,20220520,11.2000,11.7500,11.2000,11.4000,247600
EVF,20220523,11.4000,11.5000,11.0000,11.0000,191800
EVF,20220524,11.0000,11.4000,10.8500,11.4000,190800
EVF,20220525,11.4000,11.6000,11.2000,11.3500,222500
EVF,20220526,11.6000,11.9500,11.3500,11.7500,912200
EVF,20220527,11.8000,11.8500,11.7000,11.8000,176900
EVF,20220530,11.7500,12.3000,11.7500,12.3000,253400
EVF,20220531,12.2000,12.3000,11.7500,11.9000,488300
EVF,20220601,11.9500,12.0000,11.6500,11.9500,276500
EVF,20220602,11.7500,11.9000,11.3500,11.7500,236500
EVF,20220603,11.9000,11.9000,11.1000,11.6000,133500
EVF,20220606,11.5500,11.5500,11.2500,11.2500,170600
EVF,20220607,11.0000,11.2500,10.9500,11.2500,407500
EVF,20220608,11.2000,11.7000,11.2000,11.7000,272200
EVF,20220609,11.8000,11.8000,11.4000,11.4500,180900
EVF,20220610,11.4000,11.5000,11.0000,11.4000,135700
EVF,20220613,11.2000,11.2000,10.6500,10.6500,576400
EVF,20220614,10.4000,10.7000,10.3000,10.4500,239400
EVF,20220615,10.4500,10.6500,9.9500,10.1000,498100
EVF,20220616,10.7000,10.7000,10.0000,10.0000,191700
EVF,20220617,9.9000,9.9000,9.3600,9.4000,328500
EVF,20220620,9.4000,10.0000,9.2200,9.3000,203200
EVF,20220621,9.0000,9.4000,9.0000,9.2500,187500
EVF,20220622,9.2700,9.3000,9.0000,9.2500,192900
EVF,20220623,9.2600,9.6000,9.2500,9.6000,124400
EVF,20220624,9.6100,10.1000,9.6100,9.8500,230600
EVF,20220627,9.8500,10.2000,9.8500,10.0000,116500
EVF,20220628,10.0500,10.3500,9.9000,10.2000,303500
EVF,20220629,9.9900,10.2000,9.9900,10.0000,125600
EVF,20220630,10.0000,10.0000,9.9000,10.0000,109300
EVF,20220701,9.9100,9.9800,9.6900,9.9000,78600
EVF,20220704,10.0000,10.1500,9.9500,10.1000,101200
EVF,20220705,10.1000,10.1000,9.9000,9.9300,63100
EVF,20220706,9.6100,9.9200,9.5800,9.5800,104500
EVF,20220707,9.5000,9.6900,9.5000,9.6800,95700
EVF,20220708,9.5800,9.8000,9.5800,9.7000,65300
EVF,20220711,9.6500,9.8000,9.6500,9.6800,109100
EVF,20220712,9.6800,9.7400,9.6500,9.7400,128300
EVF,20220713,9.9000,9.9600,9.6000,9.8300,282000
EVF,20220815,11.0000,11.2500,11.0000,11.2500,238300
EVF,20220816,11.3000,11.3000,11.1500,11.2500,170200
EVF,20220817,11.2500,11.3000,11.1500,11.2500,318100
EVF,20220818,11.2000,11.2500,11.0000,11.1000,200600
EVF,20220819,11.1000,11.2000,11.0000,11.1000,285000
EVF,20220822,10.4500,10.5500,10.2000,10.2000,339100
EVF,20220823,10.1000,10.2500,10.1000,10.2500,128400
EVF,20220824,10.2500,10.3500,10.1000,10.2500,113700
EVF,20220825,10.2500,10.2500,10.1000,10.2000,422900
EVF,20220826,10.1500,10.8500,10.1000,10.3000,224900
EVF,20220829,10.0000,10.0500,9.8400,10.0000,471600
EVF,20220830,10.0000,10.2000,9.9800,9.9800,162700
EVF,20220831,9.7000,9.9600,9.7000,9.9000,230400
EVF,20220905,10.1000,10.1000,9.9300,10.0000,202200
EVF,20220906,10.0000,10.0500,9.9500,9.9500,96400
EVF,20220907,9.9100,9.9500,9.7900,9.7900,131400
EVF,20220908,9.7900,9.7900,9.5000,9.5000,171300
EVF,20220909,9.4000,9.5000,9.2000,9.3800,202100
EVF,20220912,9.6000,10.0000,9.6000,10.0000,503100
EVF,20220913,10.0500,10.7000,10.0500,10.7000,1076500
EVF,20220914,10.6000,10.8000,10.3500,10.8000,628500
EVF,20220915,10.8000,11.1500,10.6000,10.8000,491500
EVF,20220916,10.9000,10.9000,10.4500,10.4500,415500
EVF,20220919,10.5000,10.5000,10.0500,10.3500,394300
EVF,20220920,10.1500,10.9500,10.1500,10.9500,492100
EVF,20220921,10.7000,10.9000,10.5500,10.5500,293600
EVF,20220922,10.5000,10.5500,10.2000,10.4000,314300
EVF,20220923,10.4000,10.7500,10.3000,10.5000,217800
EVF,20220926,10.4000,10.4000,9.7700,9.8800,605800
EVF,20220927,9.8000,10.0000,9.8000,10.0000,312400
EVF,20220928,9.9900,9.9900,9.6400,9.8000,251900
EVF,20220929,9.9000,9.9000,9.6500,9.8500,326700
EVF,20220930,9.8300,9.9400,9.6000,9.7600,205500
EVF,20221003,9.7000,9.8800,9.4400,9.5500,333100
EVF,20221004,9.4900,9.9600,9.3500,9.5500,199600
EVF,20221005,9.7000,10.2000,9.4000,9.7200,525700
EVF,20221006,9.8000,9.8000,9.5000,9.5000,156000
EVF,20221007,9.3100,9.3900,8.8400,8.8500,584000
EVF,20221010,8.9000,8.9000,8.3000,8.8500,221400
EVF,20221011,8.7000,8.8000,8.2400,8.2400,558400
EVF,20221012,8.2400,8.3900,7.9000,8.2500,273800
EVF,20221013,8.2500,8.5300,8.2000,8.2200,142700
EVF,20221014,8.2500,8.6700,8.2500,8.5000,286400
EVF,20221017,8.4800,8.4800,8.2000,8.4500,86900
EVF,20221018,8.5800,8.7000,8.4500,8.6000,218900
EVF,20221019,8.6500,8.6500,8.4000,8.4200,71800
EVF,20221020,8.3500,8.4700,8.3100,8.3300,95700
EVF,20221021,8.3000,8.6000,8.0000,8.0000,243700
EVF,20221024,8.0000,8.1000,7.4400,7.9800,1000000
EVF,20221025,7.9800,8.0000,7.4300,7.5100,155000
EVF,20221026,7.9000,8.0200,7.5500,7.9000,441100
EVF,20221027,8.0000,8.1900,7.9900,8.0700,237600
EVF,20221028,8.0700,8.2000,8.0000,8.0500,91200
EVF,20221031,8.0000,8.0500,7.8000,8.0100,93100
EVF,20221101,7.9500,8.0300,7.8400,7.9100,88300
EVF,20221102,7.9100,7.9100,7.7900,7.8000,92200
EVF,20221103,7.9000,7.9000,7.6200,7.6200,128600
EVF,20221104,7.6200,7.6200,7.3000,7.3000,136300
EVF,20221107,7.3000,7.5000,6.7900,7.3000,463500
EVF,20221108,7.2500,7.2800,6.7900,7.2800,211600
EVF,20221109,6.8300,7.3500,6.8300,7.2000,98000
EVF,20221110,7.2000,7.2000,6.7200,7.1800,262900
EVF,20221111,7.1000,7.2000,6.8300,7.0500,184000
EVF,20221114,6.9900,6.9900,6.5600,6.9400,305200
